Topic,Words,Frequency,Timestamp
-1,"CPMF, Brasil, da CPMF, Governo, criação",277,2007
0,", , , , ",395,2007
1,"impeachment, processo de, de impeachment, processo de impeachment, processo de julgamento",3,2007
2,"da Constituição de, marco, Ulysses, Guimarães, político",23,2007
3,"Tribunal, Tribunal Federal, Supremo Tribunal, Supremo Tribunal Federal, Tribunal de",10,2007
4,"de recursos, Estados Municípios, os Municípios, federativo, autonomia",32,2007
5,"medidas provisórias, urgência, de medidas provisórias, de medidas, urgência relevância",22,2007
6,"indígenas, terras, terras indígenas, de terras, de terras indígenas",12,2007
7,"dever do Estado, direito de todos, SUS, de todos, do Estado",23,2007
8,"Pública, titularidade, público, públicos, Defensoria Pública",12,2007
9,"igualdade, iguais perante, iguais perante lei, são iguais, igualdade de",17,2007
10,"fiscalização, fiscalizar, fiscal, dinheiro público, responsabilidade",16,2007
11,"licença, licença maternidade, maternidade, proporcional, de Previdência Social",4,2007
12,"trabalhadores, trabalho, que os trabalhadores, os trabalhadores, trabalho escravo",5,2007
13,"liberdade, liberdade de, de expressão, liberdade de expressão, manifestação",6,2007
14,"cidadãos, deficiência, com deficiência, pessoas com deficiência, pessoas com",12,2007
15,"educação, que educação, direito educação, qualidade, educação de",9,2007
16,"desigualdades, desigualdades regionais, das desigualdades, as desigualdades regionais, reduzir as desigualdades",11,2007
17,"hierarquia, ao que diz, de Direito Democrático, Estado de Direito Democrático, Direito Democrático",4,2007
18,"CPI, CPIs, instalação, uma CPI, requisitos constitucionais",11,2007
19,"harmonia entre, harmonia entre os, para garantir desenvolvimento do, garantir desenvolvimento do, legislações dos países",3,2007
20,"devido processo legal, processo legal, devido processo, legal, judicial",10,2007
21,"petróleo, royalties, de petróleo, minerais, do petróleo",4,2007
22,"do livro, país Por causa disso, país Por, integração, nacional",11,2007
23,"ambiental, ambiente, meio ambiente, ambientais, de promover proteção",3,2007
24,"tributária, tributos, reforma tributária, tributário, sistema tributário",11,2007
25,"paternidade, paternidade responsável, responsável, adolescentes, crianças adolescentes",3,2007
26,"parlamentares, Parlamentares, de Orçamento que, Plenário do Congresso Nacional, Comissão Mista de Orçamento",3,2007
27,"Roraima, Amapá, de Roraima, Estado de Roraima, em Estado",8,2007
29,"delegados de polícia, de polícia, isonomia remuneratória, Ministério Público, Público",1,2007
30,"terceiro mandato, um terceiro mandato, mandato presidencial, terceiro mandato presidencial, um terceiro mandato presidencial",8,2007
31,"Regimento, Regimento Interno, Regimento Interno do Senado, Interno do Senado, Regimento Interno do",9,2007
32,"povo, do povo, Poder Legislativo brasileiro, emana do povo, no Poder Legislativo",2,2007
34,"integração, da América, Brasil, América Latina, da América Latina",6,2007
35,"vetos, veto, vetos presidenciais, presidenciais, que Congresso",4,2007
36,"voto, secreto, voto secreto, votação, que voto",17,2007
37,"salário mínimo, mínimo, que salário mínimo, que salário, salário mínimo deve",5,2007
38,"Zona Franca, Franca, Zona Franca de, Zona Franca de Manaus, Franca de",2,2007
39,"cláusulas, pétreas, cláusulas pétreas, cláusula pétrea, cláusula",3,2007
40,"segurança pública, Governadores, responsabilidade, que segurança pública, constitucional dos",4,2007
41,"ex Territórios, Territórios, de Roraima Amapá, Roraima Amapá, transposição",1,2007
42,"educação, na educação, em educação, para educação, de investimento",5,2007
44,"projetos, urgência, de urgência, pedidos de, possa solicitar urgência",2,2007
45,"saúde pública, receita corrente líquida, corrente líquida, líquida, receita corrente",10,2007
46,"político, pluralismo político, pluralismo, sistema político, princípio da igualdade",3,2007
47,"Armadas, Forças Armadas, das Forças Armadas, das Forças, as Forças",7,2007
48,"Social, Seguridade, social, Seguridade Social, contribuições",3,2007
49,"rádio, de rádio televisão, rádio televisão, de rádio, televisão",1,2007
50,"ir vir, de ir, de ir vir, ir, direito de ir vir",1,2007
52,"as agências reguladoras, as agências, agências reguladoras, reguladoras, agências",3,2007
-1,"Brasil, Governo, democracia, dignidade, crime",304,2008
0,", , , , ",357,2008
1,"Polícia, impeachment, na Região Amazônica, para Constituição Federal, mais importante que",3,2008
2,"Brasil, da Constituição de, democracia, Constituinte, implica que Constituição",33,2008
3,"Tribunal, Supremo, Supremo Tribunal, Tribunal Federal, Supremo Tribunal Federal",10,2008
4,"Estados, Distrito Federal, Estados Municípios, autonomia, federativos",17,2008
5,"medidas provisórias, de medidas provisórias, medida provisória, de medidas, urgência relevância",51,2008
6,"terras, indígenas, terras indígenas, de terras, de terras indígenas",41,2008
7,"saúde, SUS, acesso, universal, de saúde",17,2008
8,"públicos, moralidade, publicidade, público, administração",15,2008
9,"igualdade, iguais perante, iguais perante lei, são iguais, são iguais perante",12,2008
10,"fiscalização, fiscalizar, Fiscal, Responsabilidade, Lei de Responsabilidade",15,2008
11,"valor real, competência, poder regulamentar, do poder regulamentar, do art",9,2008
12,"trabalhadores, levando, trabalho, dos trabalhadores, de trabalho",14,2008
13,"liberdade de, de expressão, liberdade de expressão, expressão informação, manifestação",6,2008
14,"os direitos, cidadãos, Direitos Humanos, Humanos, Constituição brasileira",18,2008
15,"educação, Educação, educacional, da educação, para educação",10,2008
16,"desigualdades, regionais, desigualdades regionais, das desigualdades, as desigualdades",10,2008
17,"democrático, Democrático, Democrático de Direito, Estado Democrático de Direito, Estado Democrático de",7,2008
18,"CPI, uma CPI, CPIs, de Inquérito, de uma CPI",13,2008
19,"harmonia, harmônicos, independência, Legislativo, independentes",9,2008
20,"devido processo legal, processo legal, devido processo, sigilo de, Judiciário",2,2008
21,"petróleo, royalties, do petróleo, dos royalties, de gás",11,2008
22,"de proteção ao, os direitos humanos, orador sugere que, causa disso orador sugere, de proteção",10,2008
23,"ambiente, meio ambiente, ambiental, ao meio ambiente, futuras gerações",10,2008
24,"tributária, reforma tributária, sistema tributário, funcionalidade, do Sistema Tributário",7,2008
25,"adolescentes, crianças adolescentes, família, adolescente, das crianças adolescentes",9,2008
26,"Parlamento, consolidação da democracia brasileira, da democracia brasileira, consolidação da democracia, consolidação da",2,2008
27,"Roraima, Amapá, de Roraima, do Amapá, Estado do Amapá",7,2008
28,"crédito, de crédito, extraordinário, crédito extraordinário, créditos",12,2008
29,"Ministério Público, Ministério, Público, como MST, manifestação pacífica",1,2008
30,"terceiro mandato, um terceiro mandato, reeleição, vai conseguir, mandato presidencial",12,2008
31,"Regimento, Regimento Interno, proposições que, Presidente do Senado, Presidente do",6,2008
32,"emana do povo, poder emana do, poder emana do povo, emana do povo isso, estabelece que poder emana",2,2008
34,"Brasil, Latina, América Latina, que Brasil, Bolívia",8,2008
35,"vetos, de elaboração das leis, de elaboração das, sanção ou veto do, ou veto do Presidente",1,2008
37,"salário mínimo, mínimo, do salário mínimo, do salário, que salário mínimo",10,2008
38,"Zona Franca de, Zona Franca de Manaus, Franca de Manaus, incentivos fiscais, da Zona Franca",2,2008
39,"progressão de pena, cláusula pétrea, pétrea, progressão de, da pena",1,2008
40,"segurança pública, pela segurança pública, responsabilidade, das polícias civis militares, das polícias civis",2,2008
41,"servidores, territórios, os ex territórios, ex territórios, Territórios",3,2008
42,"educação, para Educação, Educação, para educação, Darcy",3,2008
43,"em julgado, trânsito em, trânsito em julgado, trânsito, decisões judiciais",1,2008
44,"Câmara, Casas, duas Casas, dos Deputados, Câmara dos Deputados",5,2008
45,"Estados, receitas líquidas, investimentos, líquidas, na área da saúde",2,2008
46,"reforma política, reforma, político, como base, deve ser considerada como",3,2008
47,"Forças, Forças Armadas, Armadas, as Forças Armadas, as Forças",7,2008
48,"social, seguridade social, seguridade, recursos da seguridade, recursos da seguridade social",6,2008
49,"rádio, de rádio, TV, telefônicas, telefônico",6,2008
51,"popular, participação, participação popular, iniciativa popular, de iniciativa popular",3,2008
52,"de Senadores para, para ser aprovada, de uma proposta de, de uma proposta, uma proposta de emenda",1,2008
-1,"Brasil, democracia, educação, social, Estados",323,2009
0,", , , , ",421,2009
2,"no Brasil, da democracia, da Constituição de, democrático, Isso implica que Constituição",27,2009
3,"Tribunal, Supremo, Tribunal Federal, Supremo Tribunal, Supremo Tribunal Federal",20,2009
4,"Municípios, os Municípios, municípios, de recursos, que os Municípios",48,2009
5,"medidas provisórias, medidas, medida provisória, urgência relevância, de medidas provisórias",18,2009
6,"terras, indígenas, terras indígenas, de terras, de terras indígenas",27,2009
7,"dever do Estado, direito de todos, do Estado, de todos, SUS",11,2009
8,"publicidade, moralidade, Pública, legalidade, moralidade publicidade",27,2009
9,"igualdade, são iguais, iguais perante, iguais perante lei, são iguais perante",14,2009
10,"fiscalização, fiscalizar, investigar, de fiscalizar, irregularidades",20,2009
11,"do art, da União, competência, artigos, do inciso",8,2009
12,"trabalhadores, levando, trabalhistas, direitos trabalhistas, os trabalhadores",9,2009
13,"liberdade de, liberdade, de expressão, liberdade de expressão, manifestação",10,2009
14,"de propriedade, direito de propriedade, os direitos, social, direitos fundamentais",16,2009
15,"educação, escola, de estar, preferencialmente na, preferencialmente",5,2009
16,"desigualdades, desigualdades regionais, as desigualdades regionais, reduzir as desigualdades, das desigualdades",13,2009
17,"democracia, instituições democráticas, exercício do voto, democráticas, democrático",7,2009
18,"CPI, uma CPI, instalação, da CPI, de investigar",14,2009
19,"harmonia, harmonia entre os, harmonia entre, harmônicos, os Poderes",3,2009
20,"decisão final sobre, final sobre, processo legal, devido processo legal, devido processo",4,2009
21,"petróleo, royalties, de petróleo, do petróleo, produtores",10,2009
22,"democracia, com princípios constitucionais, orador destaca importância de, destaca importância de, social",10,2009
23,"ambiental, ambiente, meio ambiente, legislação ambiental, ambientais",11,2009
24,"tributária, carga tributária, carga, aumento de carga, aumento de carga tributária",2,2009
25,"adolescentes, proteção, trabalho infantil, infantil, crianças adolescentes",4,2009
26,"parlamentares, palavras votos, suas opiniões, opiniões palavras, opiniões palavras votos",2,2009
27,"Roraima, de Roraima, transformação, autonomia política, Roraima em",11,2009
28,"Municípios, com INSS, crédito, de crédito, nos Municípios",2,2009
29,"Ministério Público, Público, do Ministério, do Ministério Público, que Ministério Público",7,2009
30,"mandato, terceiro mandato, um terceiro mandato, um terceiro, vai conseguir",9,2009
31,"Regimento, Regimento Interno, assessores, pelo Regimento, pelo Regimento Interno",6,2009
32,"povo, do povo, emana do povo, emana do, poder emana do povo",5,2009
34,"integração, Venezuela, América Latina, da Venezuela, que Brasil",9,2009
35,"vetos, os vetos, vetos presidenciais, presidenciais, veto",5,2009
36,"secreto, voto secreto, parlamentares, de acabar com voto, está colocando",1,2009
37,"salário mínimo, mínimo, dos médicos, do salário mínimo, do salário",1,2009
39,"pena de morte, cláusula pétrea, pétrea, cláusula, cláusulas",4,2009
40,"segurança pública, que segurança pública, segurança pública dever, segurança pública dever do, pública dever do Estado",3,2009
41,"servidores, Rondônia, dos servidores, transposição dos servidores, os servidores",9,2009
42,"educação, para educação, DRU, recursos mínimos, área da educação",3,2009
43,"em julgado, trânsito em julgado, trânsito em, trânsito, até trânsito em",1,2009
44,"Câmara, trâmites, Câmaras, Câmara dos, Câmara dos Deputados",3,2009
45,"os Estados, saúde pública, em saúde, da Emenda, Emenda Constitucional",5,2009
46,"pluralidade partidária, pluralidade, prevista na Constituição Federal, reforma política, prevista na Constituição",1,2009
47,"Armadas, Forças Armadas, polícias militares, as polícias militares, de reserva",1,2009
48,"social, Seguridade, Seguridade Social, assistência social, seguridade social",3,2009
49,"telecomunicações, de telecomunicações, monopólio estatal, na Internet, dos serviços públicos de",2,2009
50,"ir vir, de ir, de ir vir, ir, direito de ir vir",3,2009
51,"popular, iniciativa popular, participação popular, de iniciativa popular, de iniciativa",7,2009
-1,"Brasil, social, que Estado, educação, orador destaca importância de",261,2010
0,", , , , ",317,2010
1,"de cada mês, cada mês, repasse, impeachment, de cada",1,2010
2,"Brasil, da Constituição de, no Brasil, implica que Constituição, políticas",38,2010
3,"Tribunal, Supremo, Supremo Tribunal, Tribunal Federal, Supremo Tribunal Federal",13,2010
4,"Distrito Federal, Estados, os Municípios, de recursos, federativos",27,2010
5,"medidas provisórias, projetos, medidas provisórias projetos, medidas provisórias projetos de, provisórias projetos de lei",3,2010
6,"terras, indígenas, terras indígenas, de terras, as terras",12,2010
7,"SUS, dever do Estado, direito saúde, do Estado, acesso",10,2010
8,"administração pública, publicidade, administração, Pública, Defensoria Pública",8,2010
9,"igualdade, discriminação, iguais perante, iguais perante lei, formas de discriminação",7,2010
10,"fiscalizar, fiscal, sigilo fiscal, fiscalização, Fiscal",15,2010
11,"do art, inciso, competência, policiais, art da Constituição Federal",9,2010
12,"trabalhadores, trabalho, trabalhistas, de trabalho, direitos trabalhistas",8,2010
13,"liberdade, liberdade de, de expressão, liberdade de expressão, manifestação",6,2010
14,"propriedade, garantias, fundamentais, cidadão, direitos humanos",13,2010
15,"educação, educação de qualidade, educação de, de qualidade, dever do Estado",16,2010
16,"desigualdades, desigualdades regionais, das desigualdades, as desigualdades, desigualdades sociais",21,2010
17,"democracia, democrático, regime, Brasil, que defesa",7,2010
18,"CPI, Comissão Parlamentar, uma Comissão Parlamentar, uma Comissão, para investigar",4,2010
19,"independência, entre os, os Poderes, entre os Poderes, imposições do Executivo",2,2010
20,"legal, processo legal, devido processo legal, devido processo, Judiciário",11,2010
21,"petróleo, royalties, do petróleo, dos royalties, de petróleo",22,2010
22,"uma eleição, defende inclusão, disso orador defende inclusão, orador defende inclusão, inclusão",4,2010
23,"ambiental, ambiente, meio ambiente, ambientais, licenciamento",5,2010
24,"tributária, princípio da anterioridade, da anterioridade, anterioridade, alterar artigo da Constituição",1,2010
25,"adolescentes, crianças adolescentes, adolescente, criança, família",11,2010
26,"suas opiniões, inviolabilidade, opiniões palavras votos, suas opiniões palavras, parlamentares",2,2010
27,"de Roraima, do Amapá, em Estado, Roraima em, transformação de",9,2010
28,"crédito, de crédito, de cartões de crédito, de cartões de, cartões de crédito",1,2010
29,"Ministério Público, Público, do Ministério Público, do Ministério, que Ministério Público",5,2010
30,"terceiro mandato, mandato presidencial, presidencial, um terceiro mandato, terceiro mandato presidencial",5,2010
31,"Regimento, Regimento se, acima do Regimento, está acima do Regimento, está acima do",1,2010
34,"paz, que Brasil, da paz, autodeterminação dos, autodeterminação dos povos",3,2010
35,"vetos, vetos presidenciais, veto, presidenciais, os vetos",5,2010
37,"salário mínimo, mínimo, do salário, do salário mínimo, ao salário mínimo",4,2010
39,"cláusula pétrea, cláusula, prisão perpétua, cláusulas, como cláusula pétrea",3,2010
41,"servidores, Rondônia, de Rondônia, os servidores, de Roraima",7,2010
42,"educação, de investimento, investimento, em educação, de investimento em",3,2010
44,"urgência constitucional, Câmara, estabelece prazo, prazo para que, votados",2,2010
45,"para saúde, na Constituição para ser, para ser aplicado, Constituição para ser, Estado União",2,2010
46,"que os partidos, partidos podem, seus membros Isso implica, importância do direito, seus membros Isso",1,2010
47,"Forças Armadas, Armadas, as Forças Armadas, as Forças, que as Forças",2,2010
48,"social, Social, que Assistência Social, determina que Assistência, garanta pagamento",1,2010
49,"comunicação, telefônicas, comunicações, das comunicações, de comunicação",2,2010
50,"ir vir, de ir, de ir vir, ir, direito de ir",1,2010
52,"tramitação, emendas Constituição, processo legislativo, que as emendas Constituição, como PEC da Juventude",1,2010
-1,"Brasil, criação, Estados, segurança, educação",320,2011
0,", , , , ",399,2011
2,"da Constituição de, implica que Constituição, democrático, orador destaca importância da, do Brasil",32,2011
3,"Tribunal Federal, Supremo Tribunal, Supremo Tribunal Federal, Tribunal de, de Contas",17,2011
4,"Municípios, federativo, os Municípios, autonomia, Estados Municípios",20,2011
5,"medidas provisórias, provisórias, medidas, de medidas provisórias, de medidas",24,2011
6,"indígenas, terras, terras indígenas, em terras indígenas, em terras",19,2011
7,"universal, SUS, dever do Estado, direito de todos, de todos",36,2011
8,"Pública, publicidade, moralidade, Defensoria Pública, público",21,2011
9,"igualdade, igualdade de, de gênero, igualdade de gênero, homens mulheres",14,2011
10,"fiscalizar, fiscalização, de fiscalizar, de fiscalização, para fiscalizar",10,2011
11,"do art, inciso, competência, população diretamente interessada, diretamente interessada",8,2011
12,"trabalhadores, levando, dos trabalhadores, trabalhistas, direitos trabalhistas",17,2011
13,"liberdade de, de expressão, como Mário Covas, como Mário, liberdade de pensamento de",2,2011
14,"deficiência, felicidade, de deficiência, proteção, pessoas",16,2011
15,"educação, educação um direito, educação um, educação para, que educação",8,2011
16,"desigualdades, desigualdades regionais, das desigualdades, das desigualdades regionais, desigualdades sociais",18,2011
17,"regras que, em momentos de crise, em momentos de, momentos de crise, momentos de",3,2011
18,"dissídios, de Inquérito, Comissão Parlamentar, Parlamentar de, Comissão Parlamentar de Inquérito",2,2011
19,"os Poderes, harmônicos, que os Poderes, entre os, independência",5,2011
20,"judicial, judiciais, decisões judiciais, as decisões judiciais devem, decisões judiciais devem",5,2011
21,"petróleo, royalties, do petróleo, dos royalties, royalties do",37,2011
22,"prévio proporcional conforme, aviso prévio proporcional conforme, ou restrições, no processo legislativo conforme, tenha tempo adequado para",4,2011
23,"ambiente, meio ambiente, ambiental, ambientais, equilibrado",9,2011
24,"tributária, reforma tributária, tributos, tributário, sistema tributário",6,2011
25,"crianças, adolescentes, crianças adolescentes, família, adolescente",13,2011
26,"parlamentares, Parlamento, parlamentar, imunidade, imunidade parlamentar",6,2011
27,"de Roraima, do Amapá, Estados, Amapá Roraima, transformação",19,2011
28,"autorizações, para ações, de natureza financeira, natureza financeira, externas",1,2011
29,"Ministério, Ministério Público, Público, que Ministério Público, que Ministério",4,2011
30,"na sua, Vice Presidente, Vice, reeleição, vai conseguir",4,2011
31,"Regimento do Senado, Regimento do, normas para, implica que as sessões, no Senado seja",1,2011
32,"emana do, emana do povo, poder emana do povo, poder emana do, poder emana",3,2011
33,"gastos, os gastos, os governos, mínimos em saúde, grande parte dos",3,2011
34,"integração, América, Brasil, Latina, América Latina",6,2011
35,"vetos, vetos presidenciais, presidenciais, dos vetos, apreciação dos vetos",3,2011
36,"voto secreto, voto secreto no Parlamento, secreto no Parlamento, voto secreto no, secreto no",1,2011
37,"salário mínimo, mínimo, que salário mínimo, que salário, do salário mínimo",16,2011
38,"Zona Franca, Franca, Zona Franca de, Zona Franca de Manaus, Franca de Manaus",4,2011
39,"pétreas, cláusulas pétreas, cláusula pétrea, cláusula, pétrea da",6,2011
40,"segurança pública, segurança pública como, pública como, como uma política pública, segurança pública como uma",1,2011
41,"servidores, servidores dos, Rondônia, Territórios, dos servidores",6,2011
42,"progressivamente, os investimentos, educação, investimentos, em educação",1,2011
44,"Casa, dos Deputados, Câmara dos, Câmara dos Deputados, Código Florestal",4,2011
45,"orçamentos, saúde pública, em saúde, dos orçamentos, para saúde",12,2011
46,"coalizão, de partidos, formação de, Acre, reforma política",3,2011
47,"Armadas, Forças Armadas, Forças, plebiscito, para se criar",1,2011
48,"social, assistência social, assistência, seguridade social, social como",4,2011
49,"telefônicas, comunicações telefônicas, das comunicações telefônicas, sigilo das comunicações, comunicações",4,2011
50,"ir, ir vir, de ir, de ir vir, direito de ir vir",2,2011
51,"popular, iniciativa popular, participação popular, de iniciativa popular, de iniciativa",7,2011
52,"permite criação de comissões, uma comissão especial no, de projetos importantes, sugere que Constituição permite, especial no Senado para",1,2011
-1,"Brasil, defesa, direito de, Justiça, responsabilidade",248,2012
0,", , , , ",240,2012
1,"impeachment, de impeachment, processo de impeachment, processo de, Constituição do Paraguai",13,2012
2,"da Constituição de, implica que Constituição, petista, do Brasil, redemocratização",16,2012
3,"Tribunal, Supremo, Tribunal Federal, Supremo Tribunal, Supremo Tribunal Federal",17,2012
4,"Estados, Estados Municípios, federativo, autonomia, distribuição",40,2012
5,"medidas provisórias, provisórias, medidas, medida provisória, medida",18,2012
6,"terras, indígenas, terras indígenas, terra, de terras",16,2012
7,"dever do Estado, dever, SUS, acesso, universal",24,2012
8,"públicos, publicidade, moralidade, Pública, administração pública",14,2012
9,"igualdade, iguais, igualdade de, são iguais, homens mulheres",23,2012
10,"fiscalizar, fiscal, de fiscalizar, fiscalização, Fiscal",10,2012
11,"competência, do art, atos normativos, resposta, delegação",8,2012
12,"trabalhadores, levando, trabalhistas, trabalho, de trabalho",6,2012
13,"liberdade de, liberdade, de expressão, liberdade de expressão, manifestação",3,2012
14,"propriedade privada, direito propriedade privada, função social, privada, direito propriedade",7,2012
15,"educação, dever do Estado, educação para, acesso educação, garantir acesso educação",9,2012
16,"desigualdades, desigualdades regionais, as desigualdades, das desigualdades, desigualdades sociais",19,2012
17,"regime militar, responsabilidade fiscal, regime, que inclua financiamento público, brasileira por meio de",2,2012
18,"CPI, CPIs, de Inquérito, Parlamentar, uma CPI",10,2012
19,"os Poderes, harmonia, independentes, harmônicos, independência",6,2012
20,"judiciais, judicial, processo legal, devido processo legal, devido processo",6,2012
21,"petróleo, royalties, dos royalties, do petróleo, royalties do",25,2012
22,"destaca importância de, Executivo que segundo ele, direitos promovendo sua inclusão, do Brasil reconhecendo, ele desrespeita equilíbrio",7,2012
23,"ambiental, ambiente, meio ambiente, proteção ambiental, ao meio ambiente",6,2012
24,"tributária, tributário, sistema tributário, transparência, os consumidores",9,2012
25,"crianças, adolescentes, crianças adolescentes, das crianças, Adolescente",8,2012
26,"parlamentar, parlamentares, recesso, direito parlamentar de, direito parlamentar",3,2012
27,"Roraima, de Roraima, de Roraima em, Roraima em Estado, de Roraima em Estado",5,2012
28,"crédito, de crédito, abertura de crédito, abertura de crédito extraordinário, de crédito extraordinário",2,2012
29,"Ministério Público, Público, do Ministério Público, do Ministério, que Ministério Público",12,2012
30,"disso orador apoia extensão, Governo Federal como, espírito democrático ao, apoia extensão dos, orador apoia extensão dos",2,2012
31,"Regimento, Regimento Interno, Interno, Constituição Regimento, Regimento do Congresso Nacional",3,2012
32,"povo, emana do, emana do povo, poder emana do povo, poder emana do",11,2012
33,"uma crise constitucional, crise constitucional, as limitações, de gastos, gastos públicos",1,2012
34,"paz, solução pacífica, solução pacífica dos conflitos, pacífica dos conflitos, solução pacífica dos",2,2012
35,"vetos, vetos presidenciais, veto, os vetos, presidenciais",17,2012
36,"secreto, voto secreto, cassação de, cassação, de mandato",8,2012
38,"Zona Franca, Franca, Zona Franca de, Zona Franca de Manaus, da Zona",5,2012
39,"cláusula pétrea, cláusulas pétreas, uma cláusula pétrea, uma cláusula, cláusula pétrea isso",5,2012
40,"segurança pública, responsabilidade, que segurança pública, pública dever, segurança pública dever",2,2012
41,"servidores, transposição, transposição dos, União, de Rondônia",9,2012
42,"educação, mínimos de investimento em, de investimento em educação, mínimos de investimento, investimento em educação",1,2012
44,"Câmara dos Deputados faz, dos Deputados faz, Deputados faz, votar indicação, Câmara dos Deputados",1,2012
45,"orçamento em, deve investir, mínimo, investir de, que Município",2,2012
46,"partidos políticos, políticos, legal moral, amarras constitucionais, dessa forma que",4,2012
49,"telecomunicações, serviços de telecomunicações, de telecomunicações, serviços de, diretamente ou",2,2012
50,"ir vir, de ir, de ir vir, ir, direito de ir",3,2012
51,"iniciativa popular, iniciativa, popular, para projetos de lei, iniciativa popular para",1,2012
52,"interstício para, Item, para discussão, tramitando, que PEC",1,2012
-1,"Brasil, Estados, democracia, criação, legislação",410,2013
0,", , , , ",339,2013
1,"impeachment, de impeachment, do Procurador Geral, do Procurador, no caso de",3,2013
2,"da Constituição de, implica que Constituição, Constituinte, democrático, social",50,2013
3,"Tribunal, Supremo, Tribunal Federal, Supremo Tribunal Federal, Supremo Tribunal",14,2013
4,"Municípios, Estados, Estados Municípios, os Municípios, financeira",25,2013
5,"medidas provisórias, medidas, medida provisória, provisória, medida",36,2013
6,"terras, indígenas, terras indígenas, de terras, de terras indígenas",28,2013
7,"universal, SUS, Único de Saúde, Sistema Único de Saúde, Sistema Único de",21,2013
8,"moralidade, público, Pública, publicidade, concurso público",23,2013
9,"igualdade, iguais, discriminação, iguais perante, iguais perante lei",10,2013
10,"fiscalizar, fiscalização, fiscal, prestar, Fiscal",15,2013
11,"competência, do art, matéria, do art da, art da Constituição Federal",17,2013
12,"trabalhadores, domésticos, levando, trabalhistas, direitos trabalhistas",28,2013
13,"liberdade de, manifestação, de expressão, liberdade de expressão, de manifestação",15,2013
14,"os direitos, cidadãos, dos direitos, implica que Estado, que Estado",23,2013
15,"educação, educacional, Educação, que educação, de Educação",17,2013
16,"desigualdades, regionais, desigualdades regionais, as desigualdades, as desigualdades regionais",11,2013
17,"democrático, democracia, democrático de, democrático de direito, Conselho da República",13,2013
18,"CPI, Inquérito, uma CPI, para investigar, Parlamentar de",6,2013
19,"Poderes, harmonia, harmônicos, independência, entre si",7,2013
20,"processo legal, devido processo legal, devido processo, legal, de jurisdição",11,2013
21,"petróleo, royalties, do petróleo, dos royalties, produtores",10,2013
22,"orador destaca importância de, necessidade de transparência nas, Chile, Congresso Nacional alinhando se, que visa criar um",7,2013
23,"ambiental, foi promulgada, promulgada, área, Constituição Cidadã",1,2013
24,"tributária, tribunais, tributário, sistema tributário, sistema",13,2013
25,"adolescentes, crianças adolescentes, trabalho infantil, criança, adolescente",7,2013
26,"parlamentares, parlamentar, dos parlamentares, Parlamentares, que parlamentares",4,2013
27,"do Amapá, transformação de, da Constituição de na, Constituição de na, Roraima em",11,2013
28,"que Estado do Paraná, Estado do Paraná, do Paraná, crédito, de crédito",1,2013
29,"Ministério Público, Ministério, Público, do Ministério Público, do Ministério",16,2013
30,"indireta pelo, indireta pelo Congresso Nacional, indireta pelo Congresso, do Governador, parente",2,2013
31,"Regimento, Regimento Interno, os Regimentos, Regimentos, Regimento Interno do Senado",5,2013
32,"povo, do povo, emana do povo, emana do, poder emana do povo",13,2013
33,"gastos, de gastos, limites, para endividamento da União, gastos de campanha",2,2013
34,"Venezuela, da Venezuela, Chávez, princípio da dignidade da, da dignidade da pessoa",5,2013
35,"vetos, veto, vetos presidenciais, presidenciais, os vetos",22,2013
36,"voto, secreto, voto secreto, voto aberto, secreto em",27,2013
38,"Zona, Franca, Zona Franca, Zona Franca de, Zona Franca de Manaus",8,2013
39,"cláusula pétrea, maioridade, uma cláusula pétrea, uma cláusula, cláusula pétrea da",9,2013
40,"segurança pública, segurança pública dever, que segurança pública, segurança pública dever do, pública dever do",3,2013
41,"transformação de Território em, transformação de Território, de Território em, de Território em Estado, teria que",2,2013
42,"educação, em educação, para educação, da receita, de Educação",4,2013
44,"processo legislativo, Câmara dos Deputados, dos Deputados, processo, tramitação",5,2013
45,"para saúde, percentual, líquida, corrente líquida, receita corrente líquida",6,2013
46,"partidos políticos, pluripartidarismo, reforma política, de partidos políticos, reforma",9,2013
47,"Armadas, Forças Armadas, Forças, Segunda Guerra Mundial, Segunda Guerra",2,2013
49,"rádio, de rádio, comunicações, televisão, rádio televisão",8,2013
50,"ir, ir vir, de ir, vir, de ir vir",3,2013
51,"iniciativa popular, participação, iniciativa, participação popular, de iniciativa popular",9,2013
52,"de emenda, emenda Constituição, de emenda Constituição, propostas de emenda, emendas",11,2013
-1,"Brasil, públicos, terrorismo, soldados da, soldados da borracha",151,2014
0,", , , , ",192,2014
1,"impeachment, Presidenta, de impeachment, improbidade administrativa, impeachment da",6,2014
2,"democracia, democrático, implica que Constituição, da Constituição de, na Constituição de",18,2014
3,"Tribunal, Supremo, Tribunal Federal, Supremo Tribunal, Supremo Tribunal Federal",15,2014
4,"Estados, Estados Municípios, federativo, os Municípios, receitas",9,2014
5,"Ramez Tebet, medidas provisórias, provisórias, medidas, regime parlamentarista",2,2014
6,"terras, indígenas, terras indígenas, de terras, de terras indígenas",9,2014
7,"SUS, do SUS, saúde universal, atendimento de saúde, de saúde",3,2014
8,"públicos, Pública, transparência, publicidade, administração pública",4,2014
9,"igualdade, igual, iguais perante, iguais perante lei, discriminação",5,2014
10,"fiscalizar, Fiscal, Lei de Responsabilidade Fiscal, de Responsabilidade Fiscal, Responsabilidade Fiscal",8,2014
11,"contribuições sociais, ciência tecnologia, auxílio reclusão, ciência, dos benefícios previdenciários",4,2014
12,"trabalhadores domésticos, demais trabalhadores, os trabalhadores, de Câmara dos, dos Deputados votar",1,2014
13,"liberdade, liberdade de, manifestação, de expressão, liberdade de expressão",10,2014
14,"fundamentais, direitos fundamentais, adquiridos daqueles, direitos adquiridos daqueles, degradação",3,2014
15,"educação, educação para, da educação, que educação, educação para todos",4,2014
16,"desigualdades, desigualdades regionais, as desigualdades, as desigualdades regionais, das desigualdades",10,2014
18,"CPI, uma CPI, instalação, CPIs, de uma CPI",37,2014
19,"Poderes, os Poderes, independentes, harmônicos, independência",6,2014
20,"processo legal, devido processo legal, devido processo, juízes, grau de jurisdição",3,2014
21,"royalties, dos royalties, de distribuição dos, distribuição dos royalties, petróleo",1,2014
22,"permitir que recursos, as realidades regionais, legislação para permitir que, saúde educação segurança conforme, da Internet para garantir",6,2014
23,"ambiente, meio ambiente, ambiental, preservação ambiental, proteger meio ambiente",4,2014
24,"tributária, tribunais de, tribunais de contas, tribunais, de desoneração tributária",3,2014
25,"adolescentes, crianças adolescentes, família, adolescente, defesa dos direitos",2,2014
26,"parlamentar, imunidade, parlamentares, decoro parlamentar, imunidade parlamentar",3,2014
27,"de Roraima, Territórios, em Estados, transformação, de Roraima do",9,2014
28,"crédito, de crédito, cartões de crédito, visa democratizar acesso, que visa democratizar acesso",1,2014
29,"Ministério Público, Público, do Ministério Público, do Ministério, da magistratura",2,2014
30,"reeleição, eu, mandato, vai conseguir, de pleitear",4,2014
31,"Regimento, Regimento Interno, do Regimento, do Regimento Interno, para encaminhar",2,2014
32,"emana do povo, emana do, representantes, do povo, poder emana do",8,2014
34,"prevalência dos direitos humanos, prevalência dos direitos, prevalência dos, prevalência, como prevalência dos",1,2014
35,"vetos, dos vetos, veto, Constituição exige votação, Federal diz claramente que",2,2014
38,"Zona Franca, Franca, Zona, Zona Franca de, Zona Franca de Manaus",9,2014
40,"segurança pública, dever do Estado, de segurança pública, segurança pública dever, pública dever",2,2014
41,"servidores, ex Territórios, Territórios, Territórios de Roraima do, dos ex Territórios de",1,2014
43,"julgado, que processo tenha, será julgado, processo tenha, em julgado",1,2014
44,"para tramitação, tramitação, Senado deve seguir esses, devido urgência, estabelece prazos para tramitação",1,2014
45,"do Imposto, Imposto, repasse, Imposto de Renda do, de Renda do",2,2014
46,"reforma, reforma política, não paga, partidos políticos, que dinheiro",4,2014
47,"Armadas, Forças Armadas, devem servir, as Forças, as Forças Armadas",1,2014
49,"internet, reafirmamos, da internet, Marco Civil da, Civil da Internet",2,2014
50,"ir vir, de ir vir, direito de ir, direito de ir vir, garante direito de ir",3,2014
51,"participação popular, participação, plebiscitos referendos, plebiscitos, de plebiscitos referendos",5,2014
52,"emenda constitucional foi, várias vezes, constitucional foi, na Câmara, de emenda",2,2014
-1,"Brasil, financiamento, empresarial, legislação, governo",245,2015
0,", , , , ",212,2015
1,"impeachment, de impeachment, processo de impeachment, de responsabilidade, crime",81,2015
2,"Brasil, da Constituição de, democracia, democrática, do Brasil",25,2015
3,"Tribunal, Supremo, Tribunal de Contas, Tribunal de, de Contas",15,2015
4,"autonomia, Estados Municípios, os Municípios, os Estados, Federativo",19,2015
5,"medidas provisórias, provisórias, medidas, de medidas provisórias, de medidas",18,2015
6,"terras, terras indígenas, de terras, terra, de terras indígenas",14,2015
7,"direito de todos, dever do Estado, de todos, direito de todos dever, todos dever do",11,2015
8,"público, Pública, publicidade, Administração Pública, moralidade",9,2015
9,"igualdade, de gênero, igualdade de gênero, igualdade de, iguais",12,2015
10,"Fiscal, Responsabilidade, de Responsabilidade Fiscal, Lei de Responsabilidade Fiscal, Responsabilidade Fiscal",21,2015
11,"do art, saneamento, Senado Federal, Distrito Federal dos Municípios, da União dos",8,2015
12,"trabalhadores, levando, trabalhistas, dos trabalhadores, direitos trabalhistas",14,2015
13,"liberdade de, liberdade, liberdade de expressão, manifestação, liberdades garantias",5,2015
14,"deficiência, de direitos, Direitos, com deficiência, os direitos",10,2015
15,"educação, que educação, educação básica, de qualidade, educação pública de",7,2015
16,"desigualdades, desigualdades regionais, as desigualdades regionais, reduzir as desigualdades, das desigualdades",12,2015
17,"democrático, democracia, Estado democrático, democrático de, democrático de direito",18,2015
18,"CPIs, CPI, importância das CPIs, poderes de investigação, das CPIs",2,2015
19,"Poderes, independência, negociação, negociações, entre os Poderes",5,2015
20,"processo legal, devido processo legal, devido processo, legal, contraditório",7,2015
22,"econômica, democracia brasileira especialmente, enfrentar crise econômica política, como patrimônio nacional que, Cerrado como patrimônio",5,2015
23,"ambiente, meio ambiente, ambiental, para as futuras gerações, as futuras gerações",4,2015
24,"tributos, tributária, de tributos, arrecadação, tributárias",6,2015
25,"crianças, adolescentes, família, da Criança, Adolescente",8,2015
26,"sobre prisão, parlamentares, Parlamento, prisão, por voto",4,2015
27,"Roraima, de Roraima, Amapá, no dia, Roraima em",1,2015
28,"crédito, de crédito, de crédito externo, crédito externo, créditos",3,2015
29,"Ministério Público, Ministério, Público, que Ministério Público, que Ministério",8,2015
30,"vai conseguir, esperança para, trazer uma, Cada vez, que isso seja",3,2015
31,"Regimento, Regimento Interno, Constituição Regimento, Regimento Interno do Senado, Interno do Senado",10,2015
32,"povo, emana do, emana do povo, poder emana do povo, poder emana do",7,2015
33,"gastos, os gastos, gastar mais, gastar mais do, gastar mais do que",4,2015
34,"América, América Latina, da América Latina, Brasil, que Brasil",4,2015
35,"vetos, veto, que Presidente, Presidente da República, Presidente da",1,2015
36,"voto, secreto, voto secreto, voto aberto, previa voto secreto",2,2015
37,"que Ministro, forma como, Ministro, salário mínimo, mínimo",1,2015
38,"Zona, Zona Franca, Zona Franca de Manaus, Zona Franca de, incentivos fiscais",2,2015
39,"maioridade penal, maioridade, redução da maioridade penal, redução da maioridade, da maioridade penal",5,2015
40,"segurança pública, que segurança pública, segurança pública dever, pública dever do Estado, pública dever do",4,2015
41,"servidores, servidores dos, Territórios, dos servidores, Constitucional",4,2015
42,"educação, educação saúde, para educação, para educação saúde, em educação",3,2015
44,"urgência constitucional, com urgência constitucional, Casa, com urgência, urgência",3,2015
45,"de para os, mínimo de para, os gastos em saúde, para Municípios, os gastos em",1,2015
46,"partidos políticos, criação de partidos, políticos, de partidos políticos, criação de partidos políticos",7,2015
47,"Armadas, Forças Armadas, das Forças Armadas, legal do Presidente da, legal do Presidente",1,2015
48,"Poder Público tem obrigação, social está, Público tem obrigação, Poder Público tem, social",1,2015
49,"de violações, Internet, telecomunicações, ajudem, de Telecomunicações",2,2015
50,"ir vir, ir, de ir, de ir vir, direito de ir",6,2015
51,"participação direta da, participação direta, de participação direta da, de participação direta, da cidadania",1,2015
-1,"respeitado, processo, responsabilidade, educação, Brasil",305,2016
0,", , , , ",118,2016
1,"impeachment, de impeachment, processo de impeachment, crime, crime de responsabilidade",391,2016
2,"Brasil, social, pela Constituição de, direitos sociais, implica que Constituição",41,2016
3,"Tribunal, Supremo, Supremo Tribunal, Tribunal Federal, Supremo Tribunal Federal",19,2016
4,"Estados, autonomia, autonomia administrativa, Pacto Federativo, Federativo",9,2016
5,"medidas, medidas provisórias, provisórias, de medidas, de medidas provisórias",8,2016
6,"terras, indígenas, terras indígenas, naturais em terras indígenas, naturais em terras",3,2016
7,"dever do Estado, que Estado, direito de todos, que saúde, acesso universal",14,2016
8,"publicidade, moralidade, moralidade publicidade, impessoalidade moralidade, impessoalidade moralidade publicidade",11,2016
9,"perante lei, igualdade, iguais perante, iguais perante lei, igual para todos",8,2016
10,"de Responsabilidade Fiscal, Lei de Responsabilidade Fiscal, Responsabilidade Fiscal, Fiscal, Lei de Responsabilidade",28,2016
11,"inciso, do art, do art da, art inciso, do art da Constituição",12,2016
12,"trabalhadores, domésticos, direitos trabalhistas, trabalhistas, direitos já conquistados",3,2016
13,"liberdade, liberdade de, de expressão, liberdade de expressão, liberdade de imprensa",13,2016
14,"Gráfica do Senado, Gráfica, Gráfica do, propriedade, livre associação",9,2016
15,"educação, direito educação, educação para, Educação, da educação",10,2016
16,"desigualdades, desigualdades regionais, as desigualdades regionais, das desigualdades, das desigualdades regionais",7,2016
17,"democrático, coercitiva, intenções, Estado democrático, democrático de",12,2016
18,"têm poderes, que as comissões, comissões, CPI, responsabilidades",1,2016
19,"os Poderes, independentes, que os Poderes, entre os Poderes, harmônicos",9,2016
20,"processo legal, devido processo legal, devido processo, legal, legalidade",8,2016
21,"gás natural, gás, Estados da Federação, dos Estados da Federação, para regulamentar essa matéria",1,2016
22,"disso orador sugere que, orador sugere que, disso orador sugere, causa disso orador sugere, orador sugere",12,2016
23,"ambiental, meio ambiente, ambiente, ambientais, onde",4,2016
24,"sistema tributário, tributário, tributária, competências tributárias entre União, competências tributárias",2,2016
25,"crianças, adolescentes, das crianças, família, criança",3,2016
26,"opiniões, imunidade, suas opiniões, imunidade parlamentar, parlamentares",3,2016
27,"Amapá, do Amapá, Estado federado, do Amapá como, Amapá como",2,2016
28,"crédito, de crédito, autorização, crédito suplementar, de crédito suplementar",44,2016
29,"Ministério Público, Ministério, Público, que Ministério Público, que Ministério",12,2016
30,"do mandato, vacância, vai conseguir, Vice, Vice Presidente",9,2016
31,"Regimento, Regimento Interno, pelo Regimento, do Regimento, Polícia Legislativa",7,2016
32,"emana do, emana do povo, poder emana do, poder emana do povo, poder emana",1,2016
33,"gastos, gastos públicos, os gastos, os gastos públicos, de gastos",27,2016
34,"revogatório, referendo revogatório, Venezuela, integração regional, do referendo",3,2016
35,"seletividade do, seletividade, do IPI, veto, do veto",1,2016
41,"servidores, quadro da União, Rondônia, quadro da, quadro",1,2016
42,"educação, em educação, para educação, educação saúde, áreas",13,2016
43,"em julgado, trânsito em julgado, trânsito em, trânsito, nada melhor",4,2016
45,"de investimento em saúde, investimento em saúde, de investimento em, líquida, receita corrente líquida",3,2016
46,"pluripartidarismo, partidos políticos, políticos, de partidos políticos, fusão incorporação",5,2016
48,"social, Social, assistência social, Seguridade, Seguridade Social",7,2016
49,"sigilo, sigilo de, sigilo de dados, de jornalistas, telefônicos",2,2016
50,"ir vir, ir, de ir, de ir vir, direito de ir vir",4,2016
51,"iniciativa popular, de iniciativa popular, de iniciativa, iniciativa, projetos de iniciativa",3,2016
52,"de Emenda Constitucional que, emenda Constituição, de emenda Constituição, Proposta de Emenda Constitucional, uma proposta de emenda",1,2016
-1,"reforma, social, Brasil, previdência, governo",250,2017
0,", , , , ",138,2017
1,"impeachment, de impeachment, processo de impeachment, de responsabilidade, crime de responsabilidade",14,2017
2,"sociais, pela Constituição de, social, da Constituição de, Brasil",23,2017
3,"Tribunal, Supremo Tribunal, Tribunal Federal, Supremo Tribunal Federal, da cassação do mandato",23,2017
4,"bolo tributário, tributário nacional, os Municípios, tributário, do bolo tributário",4,2017
5,"medidas provisórias, medidas, medida provisória, medida, de medidas provisórias",5,2017
6,"terras, indígenas, terras indígenas, povos indígenas, de terras",16,2017
7,"direito saúde, acesso, SUS, todos os, que Estado",9,2017
8,"público, públicos, agentes públicos, publicidade, comunicação",8,2017
9,"perante lei, igualdade, iguais perante, iguais perante lei, são iguais",22,2017
10,"fiscal, guerra fiscal, guerra, de adotar medidas, fui Deputado",3,2017
11,"sem licitação, licitação, estatais sem, venda de ativos, Art da Constituição",2,2017
12,"levando, trabalhadores, trabalhista, trabalhistas, trabalho",43,2017
13,"liberdade, manifestação, liberdade de, de expressão, liberdade de expressão",5,2017
14,"direito humano alimentação, humano alimentação, adquiridos, dos cidadãos, alimentação adequada",5,2017
15,"educação, educacional, educação básica obrigatória, básica obrigatória, conferências",5,2017
16,"desigualdades, objetivos, das desigualdades, desigualdades sociais, redução das desigualdades",3,2017
17,"democracia, crise política, Conselho da República, democrático, para crise política",10,2017
18,"CPI, os requisitos constitucionais, da CPI, requisitos constitucionais, designe",1,2017
19,"os Poderes, independentes, que os Poderes, independência, entre os Poderes",14,2017
20,"processo legal, devido processo legal, devido processo, legal, da inocência",6,2017
22,"reforma da previdência, reforma da, destacando, orador defende necessidade de, reformas",9,2017
23,"meio ambiente, ambiente, proteção, por meio de lei, ambiental",2,2017
24,"Código Tributário, Tributário, Código Tributário Nacional, Tributário Nacional, tributária",4,2017
25,"trabalho infantil, infantil, adolescentes, crianças adolescentes, formação profissional",6,2017
26,"que imunidade, Deputados Senadores, opiniões palavras, opiniões palavras votos, parlamentares",2,2017
27,"Roraima, em Estados, de Roraima, transformados em Estados, transformados em",4,2017
29,"Ministério Público, Ministério, Público, do Ministério Público, do Ministério",4,2017
30,"vacância, mandato, eleições diretas, em caso, em caso de",14,2017
31,"Regimento, tempo para, Regimento Interno, Regimento Constituição, Constituição Regimento",7,2017
32,"emana do povo, emana do, poder emana do, poder emana do povo, poder emana",5,2017
33,"gastos, gastos públicos, de gastos, públicos, teto de gastos",8,2017
34,"Venezuela, Assembleia Constituinte, ordem constitucional, pela convocação de uma, ordem constitucional na",1,2017
38,"Franca, Zona Franca, Franca de, Franca de Manaus, Zona Franca de Manaus",2,2017
39,"pétreas, cláusulas pétreas, cláusula pétrea, cláusula, da maioridade penal",6,2017
40,"segurança pública, que segurança pública, segurança pública dever, pública dever do, segurança pública dever do",7,2017
41,"de Roraima, Roraima, ex Territórios, de Roraima do Amapá, Roraima do Amapá",3,2017
42,"está cometendo, na educação, improbidade administrativa, gastos públicos especialmente, congelou os gastos públicos",1,2017
44,"Câmara, Deputados, dos Deputados, que Senado, um consenso",3,2017
45,"de mil habitantes, mil habitantes, habitantes, mil, em cidades com mais",1,2017
46,"lista fechada, partidos políticos, reformas, políticos, reforma",4,2017
47,"Forças, Armadas, Forças Armadas, as Forças Armadas, as Forças",13,2017
48,"social, seguridade, seguridade social, de seguridade social, de seguridade",6,2017
49,"de partidos, banalização, tempo de televisão, de televisão, acesso recursos",1,2017
50,"ir vir, de ir, de ir vir, direito de ir vir, direito de ir",3,2017
51,"plebiscitos referendos, mecanismos de democracia direta, participação popular, mecanismos de democracia, como plebiscitos referendos",1,2017
52,"de emenda, de emenda Constituição, emenda Constituição, emendas, projeto de emenda",2,2017
-1,"Brasil, democracia, intervenção, os direitos, liberdade",209,2018
0,", , , , ",78,2018
1,"impeachment, Dilma Rousseff, de impeachment, processo de impeachment, do impeachment",13,2018
2,"da Constituição de, direitos das mulheres, pela Constituição de, Brasil, que Constituição de",16,2018
3,"Supremo, Tribunal, Tribunal Federal, Supremo Tribunal Federal, Supremo Tribunal",30,2018
4,"Municípios, de recursos, os Municípios, Estados Municípios, os Estados",8,2018
5,"mesma sessão legislativa, na mesma sessão legislativa, mesma sessão, na mesma sessão, sessão legislativa",1,2018
6,"indígenas, terras, terras indígenas, áreas, em áreas indígenas",4,2018
7,"SUS, assistência, acesso água, do SUS, produtos essenciais para",4,2018
8,"publicidade, moralidade, da publicidade, impessoalidade moralidade, legalidade",10,2018
9,"Policial, olha que, trabalhei, gente tinha que, gente tinha",17,2018
10,"arrepio, governado, por portarias, órgãos como Ibama, por resoluções",1,2018
11,"emendas de, para isso, um poder que não, com parágrafo único, com parágrafo único do",2,2018
12,"trabalhadores, trabalhista, reforma trabalhista, reforma, trabalhistas",15,2018
13,"liberdade de, manifestação, de Lula, de expressão, liberdade de expressão",9,2018
14,"água, acesso água, os direitos, os direitos fundamentais, acesso água potável",11,2018
15,"educação, dever do Estado, da educação, que dever do Estado, educação para",9,2018
16,"desigualdades, desigualdades regionais, as desigualdades, as desigualdades regionais, reduzir as desigualdades",5,2018
17,"democracia, democrático, Estado democrático, democrático de, democrático de direito",11,2018
18,"CPI, de um terço, uma CPI, quando for, da Eletrobras",2,2018
19,"os Poderes, independentes, que os Poderes, harmônicos, harmonia",9,2018
20,"processo legal, devido processo legal, devido processo, legal, ordenamento jurídico",10,2018
21,"petróleo, de utilidade pública, utilidade pública, combustíveis, do petróleo",3,2018
22,"água, na administração pública que, como Anac, seu papel de proteger, papel de proteger os",5,2018
23,"meio ambiente, ambiente, ambiental, ambientais, proteção ambiental",3,2018
24,"tributária, tributos, sistema tributário, tributário, benefícios tributários",6,2018
25,"adolescentes, crianças adolescentes, convivência, das crianças adolescentes, criança",5,2018
26,"imunidade, imunidade parlamentar, parlamentar, direito de os, por palavras votos",2,2018
27,"Território Federal, Território Federal de, Amapá, categoria de Estado, Território Federal de Roraima",2,2018
29,"Ministério Público, Ministério, Público, ao Ministério Público, que Ministério Público",2,2018
30,"não permite eleição, permite eleição, Constituição não permite, não permite, eleição",1,2018
31,"Regimento, Regimento Interno, Interno, Presidente do, Regimento Interno do Senado",5,2018
32,"povo, do povo, emana do, emana do povo, poder emana do",3,2018
33,"gastos, gastos públicos, Emenda Constitucional, Constitucional, públicos",7,2018
34,"Nações Unidas, das Nações Unidas, Unidas, internacionais, Carta das Nações Unidas",1,2018
35,"veto, veto do Presidente, veto do, vetos, que Congresso",1,2018
38,"Zona Franca, Franca, Zona Franca de, Zona Franca de Manaus, incentivos fiscais",9,2018
39,"décimo terceiro, cláusulas, cláusulas pétreas, décimo terceiro salário, nas cláusulas pétreas",1,2018
40,"segurança pública, da segurança pública, trata da segurança pública, segurança pública Por, segurança pública Por causa",5,2018
41,"transposição, servidores, quadro, para quadro, transposição dos",3,2018
42,"educação, da educação, do magistério, profissionais, da educação básica",2,2018
43,"em julgado, trânsito em julgado, trânsito em, trânsito, nada melhor",34,2018
44,"iniciativa legislativa, casa, prescreve, que Senado, mas também tem",1,2018
46,"intervenção, reforma, brasileira Então, não pode ser modificada, necessidades reais",1,2018
49,"intimidade, Internet, da internet, da Internet, Civil da Internet",2,2018
50,"ir vir, de ir, de ir vir, ir, direito de ir",4,2018
51,"popular, ação popular, iniciativa, iniciativa popular, Lei da Ficha Limpa",4,2018
-1,"direito vida, social, previdência, reforma, educação",283,2019
0,", , , , ",166,2019
1,"impeachment, impedir, de impeachment, de responsabilidade, sistema de governo",5,2019
2,"Brasil, social, implica que Constituição, sociedade, democracia",31,2019
3,"Supremo, Tribunal, Tribunal Federal, Supremo Tribunal, Supremo Tribunal Federal",28,2019
4,"Distrito Federal, federativo, Estados, pacto federativo, pacto",13,2019
5,"medidas provisórias, medidas, medida provisória, medida, na mesma sessão legislativa",14,2019
6,"indígenas, terras, terras indígenas, de terras, de terras indígenas",13,2019
7,"saúde, SUS, direito saúde, dever do Estado, implica que Estado",9,2019
8,"publicidade, moralidade, Pública, Administração Pública, Administração",11,2019
9,"perante lei, igualdade, iguais perante, iguais perante lei, são iguais",12,2019
10,"fiscalizar, atos do Poder Executivo, atos do Poder, do Poder Executivo, de armas",3,2019
11,"do art, art da Constituição Federal, periculosidade, inciso, legislar sobre",8,2019
12,"trabalhadores, levando, trabalhistas, dos trabalhadores, direitos trabalhistas",10,2019
13,"liberdade de, liberdade, imprensa, de imprensa, liberdade de expressão",17,2019
14,"garantias, direitos garantias, cidadãos, riquezas nacionais, deficiência",11,2019
15,"educação, que educação, um direito, de qualidade, ensino",14,2019
16,"desigualdades, regionais, desigualdades regionais, as desigualdades, reduzir",9,2019
17,"democracia, democrático, Estado democrático, democrático de, Estado democrático de",9,2019
18,"CPI, instalação, de Inquérito, uma CPI, fato determinado",14,2019
19,"os Poderes, independentes, que os Poderes, dos Poderes, independência",10,2019
20,"judicial, processo legal, devido processo legal, devido processo, legal",9,2019
21,"onde for, compensação financeira, petróleo, compensação, jazida",1,2019
22,"reforma, reformas, para segurança pública para, tributária para garantir que, restabelece prisão",6,2019
23,"meio ambiente, ambiente, ambiental, equilibrado, ao meio",20,2019
24,"tributária, progressivo, sistema tributário, tributário, reforma tributária",5,2019
25,"crianças, criança, adolescentes, crianças adolescentes, adolescente",6,2019
26,"palavras votos, opiniões palavras, opiniões palavras votos, suas opiniões, inviolabilidade",3,2019
27,"Roraima Amapá, Estado de Roraima, Amapá em, habitantes locais, considerar desenvolvimento",2,2019
28,"para pagar, regra de ouro, para pagar despesas, pagar despesas, despesas correntes",1,2019
29,"Ministério Público, Público, que Ministério Público, que Ministério, que Ministério Público deve",2,2019
30,"da lista, lista tríplice, fora da, lista, Presidente da",1,2019
31,"Regimento, Regimento Interno, regimentais, Regimento Interno do Senado, Regimento Interno do",8,2019
32,"do povo, emana do povo, emana do, poder emana do, poder emana do povo",3,2019
33,"gastos públicos, públicos, Emenda Constitucional, aos gastos públicos, Constitucional",3,2019
34,"integração, Brasil, que Brasil, Venezuela, América Latina",9,2019
35,"vetos, sobre vetos, pelo Presidente da República, Presidente da República, Presidente da",1,2019
36,"secreto, voto secreto, votação, secreta, Regimento",6,2019
37,"salário mínimo, mínimo, do salário mínimo, do salário, que salário mínimo",12,2019
38,"Zona Franca, Franca, Zona Franca de, Zona Franca de Manaus, da Zona",5,2019
39,"cláusulas, cláusula pétrea, pétreas, cláusulas pétreas, cláusula",9,2019
40,"segurança, segurança pública, de trânsito, de segurança, da segurança pública",4,2019
42,"educação, Santa Catarina, Catarina, universidades comunitárias, da educação que",2,2019
43,"em julgado, julgado, trânsito em, trânsito em julgado, trânsito",9,2019
44,"Câmara, Câmara dos, Câmara dos Deputados, Deputados, que Senado deve",4,2019
46,"reformas, propostas, desalojar, propor aprovar mudanças, poder de propor aprovar",1,2019
47,"Armadas, Forças Armadas, Forças, as Forças Armadas, as Forças",2,2019
48,"social, seguridade social, seguridade, de seguridade social, de seguridade",10,2019
49,"metropolitanas, regiões metropolitanas, apresentamos, rádio, de rádio",1,2019
50,"ir vir, de ir, de ir vir, ir, direito de ir vir",1,2019
52,"de votação, quintos dos votos dos, dos votos dos Senadores, dois turnos de votação, turnos de votação",1,2019
-1,"reeleição, mandato, liberdade, grandes, autonomia",62,2020
0,", , , , ",27,2020
1,"impeachment, de impeachment, ministro da Suprema, ministro da Suprema Corte, de um ministro",3,2020
2,"que prisão após condenação, que prisão após, prisão, prisão após condenação em, prisão após condenação",1,2020
3,"Tribunal, Tribunal Federal, Supremo Tribunal Federal, Supremo Tribunal, do Supremo Tribunal Federal",7,2020
4,"os impostos, capacidade, impostos, econômica do, impostos sejam",2,2020
5,"medidas provisórias, provisórias, medidas, medida provisória, medida",4,2020
6,"terras, terras indígenas, povos indígenas, de terras, de terras indígenas",3,2020
7,"direito de todos, dever do Estado, SUS, direito saúde, de todos",4,2020
8,"publicidade, moralidade, moralidade publicidade, impessoalidade moralidade, impessoalidade moralidade publicidade",4,2020
9,"mesma função, perante lei, sentido na, mesmo salário, todos iguais perante lei",2,2020
10,"fiscalizar, legislar fiscalizar, fiscal, responsabilidade fiscal, responsabilidade",3,2020
12,"trabalhadores, dos trabalhadores, do Direito do Trabalho, trabalhistas, direitos trabalhistas",2,2020
13,"vedado anonimato, de expressão, liberdade de expressão, que qualquer cidadão brasileiro, expressão vedado",2,2020
14,"motorista, com deficiência, pessoas com, deficiência, dirigir",2,2020
15,"educação, direito educação, ensino, um dos direitos sociais, dever do Estado da",3,2020
16,"redução das desigualdades regionais, redução das desigualdades, desigualdades regionais, redução das, redução",1,2020
17,"democrático, Democrático, Estado Democrático, democracia, do Estado Democrático",8,2020
19,"harmonia, entre os Poderes, independência, harmonia entre, harmonia entre os",3,2020
20,"processo, processo legal, devido processo legal, devido processo, Senadora Selma",2,2020
22,"isolamento social, deve agir em conformidade, de dias para apreciação, devem ser respeitadas que, que garante saúde",2,2020
23,"meio ambiente, ambiente, ambiental, ao Poder Público, todos têm direito ao",1,2020
24,"reforma tributária, reforma, que reforma tributária, uma reforma tributária, sistema tributário",4,2020
25,"adolescentes, falhou, vida saúde alimentação educação, saúde alimentação educação ao, alimentação educação ao",1,2020
29,"Ministério, Ministério Público, Público, políticas importantes, do Ministério",2,2020
30,"reeleição, reeleição dos, dos presidentes, de reeleição, presidentes",5,2020
31,"rito ser, obedecido, trâmites, Presidente do Senado, são colocadas",1,2020
32,"decisão popular, emana do povo, emana do, poder emana do povo, poder emana do",1,2020
33,"saúde educação segurança pública, educação segurança pública, saúde educação segurança, educação segurança, saúde educação",1,2020
35,"vetos, vetos presidenciais, execução, presidenciais, do Executivo",2,2020
36,"secreto, voto direto secreto periódico, não pode ser objeto, direto secreto periódico, secreto periódico",1,2020
38,"Zona Franca, Zona Franca de Manaus, Zona Franca de, incentivos fiscais, para Zona",3,2020
41,"Território, servidores do, Governo Federal, do então Território, assumidos pelo",1,2020
43,"trânsito em julgado, trânsito em, julgado, trânsito, instância sem",1,2020
44,"tramitação, iniciadora do processo, Casa iniciadora do, Casa iniciadora do processo, processo legislativo",2,2020
47,"Forças Armadas, Armadas, Forças, as Forças, as Forças Armadas",5,2020
52,"emenda Constituição, do voto impresso, voto impresso, impresso, tramitação",2,2020
-1,"social, básica, Brasil, renda básica, educação",171,2021
0,", , , , ",74,2021
1,"impeachment, de impeachment, humano, direito humano essencial, humano essencial",3,2021
2,"um Estado, de criar um, democrático, Brasil, criar um",6,2021
3,"Tribunal, Supremo, Tribunal Federal, Supremo Tribunal, Supremo Tribunal Federal",13,2021
4,"pela pandemia, de concessão de benefícios, impostas pela pandemia, Distrito, das circunstâncias",7,2021
5,"medidas provisórias, medidas, medida provisória, medida, de relevância",17,2021
6,"terras, quilombolas, sobre as terras que, sobre as terras, as terras que",2,2021
7,"que saúde, dever do Estado, de saúde, um direito, acesso saúde",5,2021
8,"moralidade, administração pública, publicidade, público, Pública",11,2021
9,"igualdade, homens mulheres, iguais, são iguais, iguais em direitos obrigações",9,2021
10,"fiscal, pagamentos de precatórios, de precatórios, pagamentos de, novo regime de",8,2021
11,"competência, para legislar, para legislar sobre, do art, Projeto de",22,2021
12,"trabalhador, direito de greve, trabalho, de todo trabalhador, greve",3,2021
13,"liberdade, liberdade de, de expressão, liberdade de expressão, que liberdade",5,2021
14,"para salvar, vida do, esporte, lutar para, esses direitos",5,2021
15,"educação, educação de, de qualidade, educação de qualidade, Educação",13,2021
16,"desigualdades, desigualdades sociais regionais, sociais regionais, desigualdades sociais, marginalização",2,2021
17,"democrático, Estado democrático, Estado democrático de, Estado democrático de direito, democrático de direito",14,2021
18,"CPI, de Inquérito, uma CPI, instalação, CPI da",19,2021
19,"os Poderes, harmonia, entre os Poderes, harmonia entre, harmonia entre os",5,2021
22,"monitorar fiscalizar, de direito da democracia, direito da democracia, democrático de direito da, destaca importância da defesa",3,2021
23,"meio ambiente, ambiente, ambiental, ao meio ambiente, equilibrado",8,2021
24,"tributária, tributário, reforma tributária, sistema tributário, reforma",9,2021
25,"adolescentes, crianças adolescentes, de crianças adolescentes, prioridade absoluta, de crianças",2,2021
26,"em função da Constituição, imunidade parlamentar isso implica, caso do Deputado Daniel, do Deputado Daniel Silveira, imunidade parlamentar isso",1,2021
27,"Roraima, de Roraima, Estado de Roraima, do Estado de Roraima, deu ao",2,2021
28,"crédito, de crédito, de crédito externo, crédito externo, autorização",5,2021
29,"Ministério Público, Público, do Ministério Público, do Ministério, independência funcional",2,2021
30,"sabatina, André Mendonça, dever constitucional, André, ao STF",1,2021
31,"Regimento, Regimento Interno, Presidente do, do Regimento, que Presidente",6,2021
32,"do povo, emana do povo, poder emana do, poder emana do povo, do povo que os",1,2021
33,"gastos, teto de gastos, de gastos, do teto, do teto de gastos",9,2021
34,"integração, América, América Latina, Latina, da América",1,2021
36,"quatro situações, eleições para as, que as eleições para, estabelece apenas, para as Mesas",1,2021
37,"salário mínimo, piso salarial, um piso salarial, um piso, um salário",7,2021
39,"cláusulas, cláusulas pétreas, fundamentais são, prestar esclarecimentos sobre suas, tais direitos não podem",1,2021
40,"segurança pública, que segurança pública, dever do Estado, segurança pública dever, pública dever do Estado",5,2021
42,"educação, em educação, na educação, educação Por causa, educação Por causa disso",12,2021
44,"uma das instituições, independência autonomia, que fere, de cada uma, cada uma das",1,2021
45,"da sua aprovação, simbolismo, implica que Fundeb deve, cláusula constitucional, inclui Fundeb como uma",1,2021
47,"Forças Armadas, Armadas, das Forças, das Forças Armadas, as Forças",3,2021
49,"Internet, Marco Civil da Internet, da Internet, Civil da Internet, Civil",3,2021
52,"de Relator, para emendas, de seguir, processo legislativo, alterações",2,2021
-1,"Brasil, com Constituição, do art, democracia, apoia aprovação",189,2022
0,", , , , ",68,2022
1,"impeachment, de impeachment, processo de impeachment, que processo de impeachment, que processo de",8,2022
2,"Brasil, da Constituição de, população negra, redemocratização, do Brasil",8,2022
3,"Tribunal, Supremo, Tribunal Federal, Supremo Tribunal Federal, Supremo Tribunal",19,2022
4,"municípios, Municípios, os municípios, no ICMS, de recursos",4,2022
5,"medidas provisórias, urgência, medidas, relevância urgência, de relevância urgência",20,2022
6,"indígenas, terras, terras indígenas, de terras, de terras indígenas",6,2022
7,"saúde, de saúde, direito saúde, saúde pública, direito de todos",12,2022
8,"publicidade, moralidade, administração pública, legalidade, legalidade impessoalidade",9,2022
9,"homens mulheres, igualdade, igualdade de, são iguais, direitos obrigações",4,2022
10,"fiscal, Responsabilidade, Lei de Responsabilidade, de Responsabilidade, Fiscal",9,2022
11,"competência, do art, Projeto, para legislar sobre, inciso",32,2022
12,"direitos trabalhistas, trabalhistas, de trabalho, trabalho, como fontes de",2,2022
13,"liberdade de, liberdade, de expressão, liberdade de expressão, de imprensa",14,2022
14,"garante, mobilidade urbana, pessoas idosas, Constituição garante, mobilidade",6,2022
15,"educação, Educação, de Educação, Sistema Nacional de Educação, Nacional de Educação",6,2022
17,"democracia, democrático, por representantes eleitos, por representantes, as instituições",6,2022
18,"de Inquérito, CPI, de duração, para criação de, pré requisitos",2,2022
19,"os Poderes, entre os Poderes, entre os, harmônicos, que os Poderes",8,2022
20,"devido processo, processo legal, devido processo legal, legal, da jurisdição",5,2022
21,"royalties, de petróleo, para educação, recursos minerais, gás",2,2022
22,"corrupção, orador destaca importância de, do projeto, projeto de lei que, defende adiamento",9,2022
23,"meio ambiente, ambiente, ambiental, do meio ambiente, do meio",9,2022
24,"tribunais de, tribunais de contas, tributária, tribunais, dos tribunais de",5,2022
25,"crianças, adolescentes, crianças adolescentes, família, adolescente",4,2022
26,"parlamentares, opiniões palavras, suas opiniões, opiniões palavras votos, por quaisquer",14,2022
28,"crédito, de crédito, créditos, crédito extraordinário, extraordinário",7,2022
29,"Ministério Público, independência funcional, Ministério, Público, que Ministério Público",1,2022
31,"proposições, Regimento, impugnar, contrárias Constituição, Regimento Interno",1,2022
32,"povo, do povo, emana do, emana do povo, poder emana do povo",2,2022
33,"em saúde educação, de gastos, em saúde educação segurança, teto de gastos, que durante anos não",2,2022
34,"Brasil, autodeterminação, autodeterminação dos povos, autodeterminação dos, que Brasil",6,2022
35,"veto, pauta, Nacional tem que, Congresso Nacional tem que, tem que analisar",1,2022
37,"piso salarial, salário mínimo, piso, salarial da enfermagem, piso salarial da enfermagem",4,2022
38,"Zona Franca, Franca, Franca de, Zona Franca de, Zona Franca de Manaus",4,2022
39,"cláusula pétrea, cláusula, cláusula pétrea da Constituição, pétrea da Constituição, cláusula pétrea da",2,2022
40,"segurança pública, que segurança pública, pública direito, pública direito de, pública direito de todos",4,2022
41,"na transição do, Território para Estado, Território para, para Estado, aprovar PEC que visa",1,2022
42,"de repasses, para educação saúde, educação, para educação, educação saúde",1,2022
44,"Câmara, Casa, autonomia dos estados, dos Deputados, Câmara dos Deputados",3,2022
46,"Constituição estadual, Assembleia Legislativa, Assembleia, do Governador, inconstitucional",1,2022
47,"processo eleitoral, Armadas, Forças Armadas, do processo eleitoral, de tutela",1,2022
48,"gestão eficiente, patrimônio do povo brasileiro, da Previdência Social para, Previdência Social para, Previdência Social para garantir",1,2022
49,"programação, telecomunicações, competência legislativa, rádio, de rádio",4,2022
50,"ir vir, de ir, de ir vir, ir, direito de ir",3,2022
52,"emenda Constituição, de emenda, de emenda Constituição, propostas de emenda, propostas",4,2022
-1,"Brasil, segurança, Poder, vida, Judiciário",224,2023
0,", , , , ",115,2023
1,"impeachment, de impeachment, processo de impeachment, processo de, os direitos políticos",6,2023
2,"policiais civis, lotéricos, da Constituição de, pelo povo, direitos dos policiais",8,2023
3,"Supremo, Tribunal, Tribunal Federal, Supremo Tribunal Federal, Supremo Tribunal",33,2023
4,"municípios podem, do fundo, compromisso, municípios, que em algumas situações",4,2023
5,"medidas provisórias, medidas, de medidas, de medidas provisórias, medida provisória",11,2023
6,"terras, terras indígenas, de terras, de terras indígenas, demarcação de terras",39,2023
7,"direito de todos, dever do Estado, saúde um direito de, saúde um direito, saúde um",4,2023
8,"administração pública, moralidade, administração, publicidade, dos necessitados",6,2023
9,"igualdade, iguais, homens mulheres, são iguais, as cotas",8,2023
10,"política externa, Fiscal, Lei de Responsabilidade Fiscal, de Responsabilidade Fiscal, Responsabilidade",5,2023
11,"competência, do art, legislativa, concorrente, inciso",21,2023
12,"trabalho, de trabalho, trabalhadores, levando, jornada de trabalho",7,2023
13,"liberdade, liberdade de, de expressão, liberdade de expressão, manifestação",21,2023
14,"essa assistência, assistência, Constituição Constituição já estabelece, assistência de um, idoso em",3,2023
15,"educação, qualificação para trabalho, qualificação para, que educação, para trabalho",10,2023
16,"das desigualdades sociais regionais, redução das desigualdades sociais, desigualdades sociais regionais, redução das desigualdades, objetivos fundamentais da República",1,2023
17,"democrático, Estado democrático, democracia, democrático de, Estado democrático de",9,2023
18,"CPI, CPIs, fato determinado, uma CPI, de Inquérito",8,2023
19,"os Poderes, harmonia, entre os Poderes, independência, harmonia entre",29,2023
20,"processo legal, devido processo legal, devido processo, legal, judiciais",18,2023
22,"ativos de, do Parlamento como, Parlamento como um, para bem estar da, respeite princípio",3,2023
23,"meio ambiente, ambiente, ambiental, ao meio, ao meio ambiente",3,2023
24,"tributária, tributário, sistema tributário, reforma tributária, tributárias",8,2023
25,"adolescentes, crianças adolescentes, família, prioridade, da família da sociedade",7,2023
26,"parlamentares, imunidade, palavras votos, opiniões palavras, opiniões palavras votos",13,2023
27,"Amapá, como unidade, unidade federativa, de Roraima, federativa do Brasil",2,2023
28,"crédito, unidades federadas, interestaduais, transferências, transferência de",1,2023
29,"Ministério Público, Público, que Ministério Público, que Ministério, do Ministério Público",2,2023
30,"devem ser individualizadas, individualizadas, exaustão, sem evidências, que as responsabilidades",1,2023
32,"povo, do povo, emana do, emana do povo, poder emana do",3,2023
33,"como base para, como base, base para, base para os, da transição",1,2023
34,"na soberania, soberania dos, Constituição preceitua que, brasileiros não, preceitua que",1,2023
35,"vetos, dos vetos, mais importantes do, vetos presidenciais, presidenciais",1,2023
37,"salário mínimo, salário, piso salarial, salarial, preservem poder",2,2023
38,"Franca, Zona Franca, de Manaus, Zona Franca de, Franca de Manaus",4,2023
39,"assassino, pena de morte, prisão perpétua, de punição, de morte",1,2023
40,"segurança pública, dever do Estado, que segurança pública, garantir segurança pública, da segurança pública",6,2023
41,"servidores, de Roraima, Amapá, servidores dos, dos servidores",3,2023
42,"educação, de investimento, mínimos constitucionais, metas de, mínimos",1,2023
43,"tráfico ilícito de entorpecentes, ilícito de entorpecentes, tráfico ilícito, tráfico ilícito de, ilícito de",1,2023
44,"Casa, Deputados, dos Deputados, Câmara dos Deputados, Câmara dos",7,2023
45,"percentuais de, percentuais, que Fundeb, apuração, receita corrente líquida",2,2023
46,"lei eleitoral, descumprimento de, de cotas, para evitar, desrespeita lei",1,2023
48,"Seguridade Social, Seguridade, orçamento da Seguridade, orçamento da Seguridade Social, Social",1,2023
49,"de expressão de imprensa, expressão de imprensa, liberdade de expressão de, de expressão de, ferem liberdade de expressão",1,2023
50,"ir vir, de ir, de ir vir, vir, ir",2,2023
52,"modalidade de, presencial, modalidade, oferta, pelo Parlamento",2,2023
-1,"Brasil, de drogas, do STF, Ministro, leis",216,2024
0,", , , , ",97,2024
1,"impeachment, de impeachment, processo de impeachment, de responsabilidade, crime de responsabilidade",16,2024
2,"democracia, Assembleia Nacional, implica que Constituição, Nacional Constituinte, Assembleia Nacional Constituinte",14,2024
3,"Supremo, Tribunal, Tribunal Federal, Supremo Tribunal Federal, Supremo Tribunal",40,2024
4,"municípios, direitos individuais sociais, próprio Estado, débitos previdenciários, individuais sociais",4,2024
5,"medidas provisórias, medida, urgência, medida provisória, relevância",3,2024
6,"terras, indígenas, terras indígenas, de terras, temporal",9,2024
7,"saúde, acesso, direito saúde, planos de saúde, universal",5,2024
8,"publicidade, administração pública, administração, princípio da impessoalidade, moralidade",8,2024
9,"igualdade, iguais, iguais perante, iguais perante lei, são iguais",15,2024
10,"fiscal, fiscalizar, de lei orçamentária, pelo descumprimento, equilíbrio fiscal",6,2024
11,"competência, do art, para legislar, da União, do art da",21,2024
12,"trabalho, de trabalho, trabalhadores, levando, escravidão",5,2024
13,"liberdade de, liberdade, de expressão, liberdade de expressão, manifestação",32,2024
14,"cidadãos, direitos fundamentais, fundamentais, direitos individuais, os direitos fundamentais",5,2024
15,"educação, educacional, de qualidade, educação básica, educação para",6,2024
16,"desigualdades, desigualdades regionais, as desigualdades, reduzir as desigualdades, desigualdades sociais",7,2024
17,"democracia, democrático, Estado democrático, democrático de, democrático de direito",11,2024
18,"CPI, liminar para, liminar, investigar, uma liminar",2,2024
19,"harmonia, os Poderes, entre os Poderes, harmônicos, harmonia entre",11,2024
20,"devido processo legal, processo legal, devido processo, devido, legal",14,2024
22,"cuidadosamente analisado, analisado para garantir que, ser cuidadosamente analisado, Constituição de que visam, ser cuidadosamente analisado para",3,2024
23,"ambiente, ambiental, meio ambiente, equilibrado, proteção ambiental",6,2024
24,"tributária, revisões, reforma tributária, dos benefícios fiscais, justiça tributária",2,2024
25,"criança, prioridade, adolescentes, prioridade absoluta, adolescente",4,2024
26,"parlamentares, imunidade, imunidade parlamentar, opiniões palavras, palavras votos",27,2024
28,"crédito, de crédito, operações, de natureza financeira, natureza financeira",5,2024
29,"Ministério Público, Ministério, Público, do Ministério Público, do Ministério",2,2024
31,"Regimento, contrárias Constituição, interessa, contrárias, às leis ou",2,2024
32,"emana do, emana do povo, poder emana do, poder emana do povo, poder emana",2,2024
33,"gastos excessivos, Constituição deve ser base, excessivos, administrativas, resoluções administrativas",1,2024
34,"soberania dos povos, autonomia soberania, neutralidade, soberania, integração",2,2024
37,"salário mínimo, salário, mínimo, mínimo como um direito, mínimo como um",1,2024
38,"Franca, Zona Franca, Zona Franca de Manaus, Franca de, Franca de Manaus",1,2024
39,"cláusula pétrea, de como cláusula pétrea, de como cláusula, Constituição de como cláusula, como cláusula pétrea",2,2024
40,"segurança pública, que segurança pública, pública direito, dever do Estado, pública direito de todos",5,2024
41,"servidores, ex Territórios, Territórios, de transposição, servidores dos",2,2024
42,"Plano Nacional de Educação, Plano Nacional de, Nacional de Educação, de Educação, discutir aprovar",1,2024
43,"nada melhor, que discutir, melhor do, melhor do que, do que",2,2024
44,"Câmara dos, Câmara dos Deputados, Deputados, Casa, Câmara dos Deputados deve",2,2024
45,"de crescimento das emendas, indexador, de crescimento, corrente líquida, receita corrente líquida",1,2024
46,"que reforma tributária deve, reforma tributária deve, tributária deve, que reforma tributária, incentivo",1,2024
47,"Armadas, Forças Armadas, as Forças Armadas, cumprirem seu dever constitucional, cumprirem seu dever",1,2024
48,"social, assistência social, social previdência, assistência social previdência, previdência saúde",1,2024
50,"ir vir, de ir, de ir vir, vir, ir",2,2024
52,"de emenda, as emendas, emenda Constituição, de emenda Constituição, as emendas impositivas",4,2024
-1,"por causa disso, por causa, por causa disso orador, julgamento, ao Conselho",24,2025
0,", , , , ",20,2025
1,"No dia, impeachment, impeachment de, golpe, Dilma",1,2025
2,"Brasil, redemocratização, redemocratização do, democracia, Constituição de foi",7,2025
3,"mais poder, ao Senado, sobre STF, exercer seu poder de, Tribunal",1,2025
5,"legalidade legitimidade das, prevê um rito específico, garantir legalidade legitimidade das, ser seguido para garantir, restauração do",1,2025
6,"recursos minerais, minerais, minerais metalurgia, minas outros, minas outros recursos",1,2025
8,"continuidade de, prorrogar prazo para, investimentos por, forma proposta, eficiente transparente",1,2025
9,"em direitos obrigações, direitos obrigações, iguais em direitos obrigações, são iguais em direitos, mulheres são iguais em",1,2025
10,"abusos, relação aos abusos, relação abusos, Senado em relação aos, abusos garantir equilíbrio entre",1,2025
11,"das atribuições do Congresso, no âmbito das, se insere, das atribuições do, atribuições do Congresso Nacional",1,2025
12,"de trabalho, trabalho, horas semanais, semanais, trabalhadores",2,2025
13,"liberdade de, expressão, de expressão, liberdade de expressão, há democracia",2,2025
16,"ensino superior, para ingresso no, no ensino superior, desigualdades, processos seletivos",1,2025
17,"qualquer tentativa de, qualquer tentativa, tentativa de, tentativa, pôr fim",1,2025
19,"Legislativo Executivo Judiciário, Legislativo Executivo, Executivo Judiciário, independência, Poderes Se",1,2025
20,"separação dos Poderes, separação dos, devido processo legal, arbitrariamente nas funções legislativas, garante separação",1,2025
23,"estão regulamentados, não estão regulamentados, ambiente, artigos que, regulamentados como",1,2025
26,"opiniões, suas opiniões, palavras votos, opiniões palavras, opiniões palavras votos",4,2025
32,"emana do, emana do povo, poder emana do povo, poder emana do, poder emana",1,2025
36,"voto, secreto, voto secreto, da Mesa, voto aberto",2,2025
44,"Casa, voltará, uma Casa Legislativa, emendado, revisto pela",1,2025
50,"ir vir, de ir, de ir vir, ir, direito de ir",1,2025
